Frozen Food;71732;25462951;Frasers;Frozen Vegetable Haggis
Frozen Food;57929;25314557;Four Seasons;Battered Onion Rings
Frozen Food;54522;25288667;Four Seasons;Broccoli
Frozen Food;47233;25401011;Four Seasons;Broccoli And Cauliflower Florets
Frozen Food;62884;25330892;Four Seasons;Broccoli Florets
Frozen Food;74315;25436556;Four Seasons;Brown Lentils With Tahini
Frozen Food;47233;25316100;Four Seasons;Button Brussel Sprouts
Frozen Food;61528;25349405;Four Seasons;Chopped Basil
Frozen Food;61528;25349382;Four Seasons;Chopped Chilli
Frozen Food;61528;25349412;Four Seasons;Chopped Coriander
Frozen Food;61528;25349399;Four Seasons;Chopped Garlic
Frozen Food;61528;25349429;Four Seasons;Chopped Parsley
Frozen Food;69013;25423358;Four Seasons;Diced White Onions
Frozen Food;62884;25330908;Four Seasons;Fine Whole Green Beans
Frozen Food;49439;25251395;Everyday Essentials;Garden Peas
Frozen Food;49439;25322354;Everyday Essentials;Garden Peas
Frozen Food;60160;25334470;Four Seasons;Garden Peas
Frozen Food;60160;25334968;Four Seasons;Garden Peas
Frozen Food;74315;25436549;Four Seasons;Giant Couscous & Vegetables
Frozen Food;52163;25270051;Four Seasons;Mixed Vegetables
Frozen Food;52163;25327939;Four Seasons;Mixed Vegetables
Frozen Food;52163;25380804;Four Seasons;Mixed Vegetables
Frozen Food;49440;25251401;Specially Selected;Petit Pois
Frozen Food;49440;25377804;Specially Selected;Petits Pois
Frozen Food;41125;25294415;Four Seasons;Premium Steam Bag Vegetables
Frozen Food;41125;25294422;Four Seasons;Premium Steam Bag Vegetables
Frozen Food;41125;25187588;Four Seasons;"Premium Steam Bag Vegetables - CarrotsBroccoli And Sweetcorn"
Frozen Food;41125;25295993;Four Seasons;"Premium Steam Bag Vegetables - Carrots PeasAnd Sweetcorn"
Frozen Food;41125;25296006;Four Seasons;"Premium Steam Bag Vegetables - Carrots PeasAnd Sweetcorn"
Frozen Food;41125;25187601;Four Seasons;"Premium Steam Bag Vegetables - Carrots,Cauliflower & Extra Fine Green Beans"
Frozen Food;69013;25423341;Four Seasons;Sliced Button Mushrooms
Frozen Food;69013;25423365;Four Seasons;Sliced Mixed Peppers
Frozen Food;53454;25378993;Four Seasons;Super sweet Sweetcorn
Frozen Food;53454;25379006;Four Seasons;Super sweet Sweetcorn
Frozen Food;3786;25008593;Four Seasons;Vegetable Medley
Frozen Food;3786;25322651;Four Seasons;Vegetable Medley
Frozen Food;54522;25288674;Four Seasons;Whole Green Beans
Frozen Food;47886;25439588;Specially Selected;"British Home-grown Maris Piper Chunky OvenChips"
Frozen Food;59901;25379440;Champion;Champion Curly Fries
Frozen Food;67614;25406672;Champion;Champion Jacket Potatoes
Frozen Food;63904;25372823;Champion;Champion Steak Cut Chips
Frozen Food;63901;25372755;Champion;Champion Straight Cut Chips
Frozen Food;47887;25241013;Champion;Crinkle Cut Chips
Frozen Food;49575;25419795;Champion;Crinkle Cut Chips
Frozen Food;56071;25284324;Champion;French Fries
Frozen Food;54025;25284881;Champion;Garlic And Onion Coated Potato Wedges
Frozen Food;54026;25284898;Champion;Garlic And Onion Coated Potato Wedges
Frozen Food;63960;25362022;Champion;Hash Brown
Frozen Food;47890;25241044;Champion;Homestyle Fries
Frozen Food;49576;25252293;Champion;Homestyle Fries
Frozen Food;51940;25252415;Champion;Potato Waffles
Frozen Food;49570;25252248;Champion;Roast Potatoes
Frozen Food;5961;25219371;Champion;Roasting Potatoes
Frozen Food;47893;25241075;Champion;Steak Cut Chips
Frozen Food;47891;25241051;Champion;Straight Cut Chips
Frozen Food;73321;25033519;Champion;Sweet Potato Fries
Frozen Food;51425;25216653;Four Seasons;Black Forest Fruits
Frozen Food;51425;25296808;Four Seasons;Black forest Fruits
Frozen Food;51425;25329568;Four Seasons;Black Forest Fruits
Frozen Food;71207;25284928;Four Seasons;Blueberries
Frozen Food;59460;25328271;Four Seasons;Blueberries
Frozen Food;61211;25345865;Four Seasons;Cherries
Frozen Food;61211;25019025;Four Seasons;Four Seasons Blackberries
Frozen Food;69450;25375619;Four Seasons;Four Seasons Exotic Smoothie Mix
Frozen Food;69450;25375626;Four Seasons;"Four Seasons Strawberry And Banana SmoothieMix"
Frozen Food;54478;25288438;Four Seasons;Frozen Blueberries
Frozen Food;54478;25288285;Four Seasons;Frozen Raspberries
Frozen Food;71207;25257878;Four Seasons;Raspberries
Frozen Food;59460;25328264;Four Seasons;Raspberries
Frozen Food;61211;25345858;Four Seasons;Rhubarb
Frozen Food;51425;25216646;Four Seasons;Summer Fruits
Frozen Food;51425;25296792;Four Seasons;Summer Fruits
Frozen Food;51425;25329575;Four Seasons;Summer Fruits
Frozen Food;60748;25349122;Let's Party;Indian Snack Selection
Frozen Food;60751;25349085;Let's Party;Mini Vegetable Spring Rolls
Frozen Food;60748;25349146;Let's Party;Oriental Snack Selection
Frozen Food;61506;25396881;Specially Selected;Vegetable Gyozas With Teriyaki Dipping Sauce
Frozen Food;69684;25122503;Gianni's;Ice Cubes
Frozen Food;57029;25307979;Mae's Kitchen;Spicy Bean Quarter Pounder
Frozen Food;57029;25307993;Mae's Kitchen;Vegetable Quarter Pounders
Confectionary;6800;22134608;Dominion;Active Peppermint Chewing Gum
Confectionary;6800;25296907;Dominion;Active Peppermint Chewing Gum
Confectionary;66774;25399127;Dominion;Mint Chews
Confectionary;42390;25197457;Dominion;Complimints - Peppermint
Confectionary;42390;25314182;Dominion;Complimints - Peppermint
Confectionary;42390;25198584;Dominion;Complimints - Spearmint
Confectionary;42390;25314175;Dominion;Complimints - Spearmint
Biscuits;73869;25072051;Free From;Cookie - Ginger
Biscuits;45895;25228342;Savour Bakes;Oatcakes
Biscuits;71388;25446210;Savour Bakes;Pepper Oatcakes
Biscuits;68687;25419009;The Foodie Market;Sea Salt Rice Snacks
Biscuits;71388;25446203;Savour Bakes;Seeded Oatcakes
Confectionary;72058;25005370;Choceur;Turkish Delight
Confectionary;70939;25452488;Specially Selected;Brandy Pudding
Confectionary;70939;25452495;Specially Selected;Rum Pudding
"Chips, Snacks & Nuts";51511;25243123;Snackrite;Bacon Rashers
"Chips, Snacks & Nuts";73921;25049770;Specially Selected;Chilli Lime Flatbread
"Chips, Snacks & Nuts";65644;25038040;Specially Selected;Cranberry Jalapeno Tortilla
"Chips, Snacks & Nuts";58729;25321425;Snackrite;Delight Bites Multipack - Sweet Chilli
"Chips, Snacks & Nuts";48861;25301236;Everyday Essentials;Everyday Essentials Tortilla Chips
"Chips, Snacks & Nuts";73097;25029413;Has No;Gluten Free Tortilla- Lime
"Chips, Snacks & Nuts";73097;25029420;Has No;Gluten Free Tortilla- Salted
"Chips, Snacks & Nuts";48861;25247466;Everyday Essentials;Lightly Salted Tortilla Chips
"Chips, Snacks & Nuts";46038;25380194;Snackrite;Lightly Salted Tortilla Chips
"Chips, Snacks & Nuts";64384;25251524;Snackrite;Monster Claws
"Chips, Snacks & Nuts";71283;25456578;Passions;Passions Deli Sea Salt And Vinegar Pea Snacks
"Chips, Snacks & Nuts";71283;25456561;Passions;Passions Deli Sweet Chilli Pea Snack
"Chips, Snacks & Nuts";69332;25447507;Passions;"Passions Deli Thai Sweet Chilli Lentil CurlsMultipack"
"Chips, Snacks & Nuts";73752;25044416;Passions Deli;Pea Snacks Chilli With A Twist Of Lime Multipack
"Chips, Snacks & Nuts";67809;25313987;Passions;Salt And Pepper Christmas Tree Shaped Pretzels
"Chips, Snacks & Nuts";65644;25387247;Specially Selected;Salt Lime Tortilla
"Chips, Snacks & Nuts";71268;25456356;Passions;Sundried Tomato And Basil Pitta Chips
"Chips, Snacks & Nuts";70222;25411607;Passions;Sundried Tomato And Basil Pitta Chips Multipack
"Chips, Snacks & Nuts";45453;25405699;Epic Snacks;Sweet And Salted Popcorn
"Chips, Snacks & Nuts";45453;25391473;Epic Snacks;Sweet And Salty Popcorn
"Chips, Snacks & Nuts";45453;25109412;Epic Snacks;Sweet Popcorn
"Chips, Snacks & Nuts";45453;25405705;Epic Snacks;Sweet Popcorn
"Chips, Snacks & Nuts";60127;25334098;Snackrite;Teddy Faces
"Chips, Snacks & Nuts";64359;25231724;Snackrite;Belight Crisps Ready Salted Variety
"Chips, Snacks & Nuts";65696;25456295;Specially Selected;Black Truffle Hand Cooked Crisps
"Chips, Snacks & Nuts";72792;25023862;Specially Selected;Cosmopolitan Hand Cooked Crisps
"Chips, Snacks & Nuts";72792;25387957;Specially Selected;Gin And Tonic Hand Cooked Crisps
"Chips, Snacks & Nuts";72792;25023855;Specially Selected;Kir Royal Hand Cooked Crisps
"Chips, Snacks & Nuts";73719;25043419;Passions Deli;Lattice Crisps - Sea Salt And Cider Vinegar
"Chips, Snacks & Nuts";70370;25358193;Passions;Lightly Salted Passions
"Chips, Snacks & Nuts";70370;25358155;Passions;Lightly Salted Passions Crisps
"Chips, Snacks & Nuts";70811;25450224;Specially Selected;Parsnip Crisps - Rosemary And Garlic
"Chips, Snacks & Nuts";47801;25240238;Snackrite;Prawn Cocktail Crisps
"Chips, Snacks & Nuts";64268;25282979;Snackrite;Ready Salted Crisps
"Chips, Snacks & Nuts";64268;25035032;Snackrite;Ready Salted Flavour Potato Crisps
"Chips, Snacks & Nuts";71003;25457162;Finlays;Ridge Cut Crisps Savoury Variant
"Chips, Snacks & Nuts";50468;25373110;Snackrite;Salt & Vinegar Flavour Potato Crisps
"Chips, Snacks & Nuts";70370;25358148;Passions;Salt & Vinegar Passions
"Chips, Snacks & Nuts";70370;25358186;Passions;Salt & Vinegar Passions
"Chips, Snacks & Nuts";50468;25192490;Snackrite;Salt And Vinegar Crisps
"Chips, Snacks & Nuts";58722;25140316;Snackrite;Snackrite Salt Your Own Crisps
"Chips, Snacks & Nuts";66454;25353341;Specially Selected;Vegetable Crisps
"Chips, Snacks & Nuts";71254;25456189;Specially Selected;BBQ Almonds
"Chips, Snacks & Nuts";71254;25456196;Specially Selected;Chilli Almonds
"Chips, Snacks & Nuts";62677;25349207;Clancy's;Clancy's Jumbo Dry Roasted Peanuts
"Chips, Snacks & Nuts";52321;25271867;Clancy's;Clancy's Jumbo Pistachios
"Chips, Snacks & Nuts";52322;25349191;Clancy's;Clancy's Jumbo Salted Peanuts
"Chips, Snacks & Nuts";7831;25377866;Clancy's;Dry Roasted Peanuts
"Chips, Snacks & Nuts";7831;25405767;Clancy's;Dry Roasted Peanuts
"Chips, Snacks & Nuts";46850;25234046;Everyday Essentials;Fruit And Nut Mix
"Chips, Snacks & Nuts";53348;25152982;Clancy's;Jumbo Roasted And Salted Cashews
"Chips, Snacks & Nuts";58202;25304138;Clancy's;Mixed Nuts
"Chips, Snacks & Nuts";61885;25353273;Clancy's;Peanut And Cashew Crunch
"Chips, Snacks & Nuts";58202;25236170;Clancy's;Peanuts & Cashews
"Chips, Snacks & Nuts";57808;25291445;Clancy's;Pistachios
"Chips, Snacks & Nuts";57974;25291421;Clancy's;Roasted & Salted Cashews
"Chips, Snacks & Nuts";45203;25221794;Clancy's;Roasted & Salted Pistachios
"Chips, Snacks & Nuts";47149;25236125;Everyday Essentials;Roasted And Salted Peanuts
"Chips, Snacks & Nuts";61885;25353280;Clancy's;Salt And Vinegar Peanut And Cashew Crunch
"Chips, Snacks & Nuts";72302;25026214;Specially Selected;Truffle Roasted Mixed Nuts
"Chips, Snacks & Nuts";71254;25456172;Specially Selected;Wasabi Almonds
"Chips, Snacks & Nuts";63278;25223897;Snackrite;Salted Microwave Popcorn
"Chips, Snacks & Nuts";63278;25367522;Snackrite;Sweet Microwave Popcorn
"Coffee & HotBeverages";65115;25371659;Specially Selected;Colombian Instant Fairtrade Coffee
"Coffee & HotBeverages";6023;25271683;Alcafé;Decaffeinated Instant Coffee
"Coffee & HotBeverages";6023;25372137;Alcafé;Decaffeinated Instant Coffee
"Coffee & HotBeverages";63800;25371642;Specially Selected;Fairtrade Columbian Instant Coffee
"Coffee & HotBeverages";7863;25271706;Alcafé;Gold Roast Instant Coffee
"Coffee & HotBeverages";7863;25372120;Alcafé;Gold Roast Instant Coffee
"Coffee & HotBeverages";47384;25083392;Alcafé;Rich Roast Coffee
"Coffee & HotBeverages";65020;25372113;Alcafé;Rich Roast Coffee
"Coffee & HotBeverages";60293;25335477;Alcafé;Colombian Ground And Roast
"Coffee & HotBeverages";60293;25335491;Alcafé;Decaffeinated Roast And Ground Coffee
"Coffee & HotBeverages";60293;25335484;Alcafé;Espresso Whole Bean
"Coffee & HotBeverages";64767;25202243;Alcafé;French Coffee
"Coffee & HotBeverages";68117;25403534;Alcafé;French Coffee
"Coffee & HotBeverages";64767;25202250;Alcafé;Italian Coffee
"Coffee & HotBeverages";68117;25403527;Alcafé;Italian Coffee
"Coffee & HotBeverages";68115;25403794;Alcafé;Original Rich Roast Coffee
"Coffee & HotBeverages";6760;25103472;Alcafé;Rich Roast & Ground Coffee
"Coffee & HotBeverages";64890;25103465;Specially Selected;Single Origin Rich Roast & Ground - Ethiopian
"Coffee & HotBeverages";64890;25146790;Specially Selected;Single Origin Rich Roast & Ground - Java
"Coffee & HotBeverages";64890;25345483;Specially Selected;Single Origin Rich Roast & Ground - Kenyan
"Coffee & HotBeverages";6719;25103465;Specially Selected;Single Origin Roast & Ground - Ethiopian
"Coffee & HotBeverages";6719;25146790;Specially Selected;Single Origin Roast & Ground - Javan
"Coffee & HotBeverages";6719;25399202;Specially Selected;Single Origin Roast & Ground Coffee - Kenyan
"Coffee & HotBeverages";73286;25032543;Alcafé;Espresso Coffee Pods
"Coffee & HotBeverages";73754;25032536;Alcafé;Lungo - Coffee Pods
"Coffee & HotBeverages";73755;25032611;Alcafé;Ristretto Coffee Pods
Tea;54702;25308655;Diplomat;Berry Fruits Tea
Tea;54702;25308662;Diplomat;Camomile Tea
Tea;54702;25313765;Diplomat;Fruit & Herb Tea Bags - Berry Fruits
Tea;63856;25370355;Diplomat;Fruit & Herb Tea Bags - Berry Fruits
Tea;54702;25313758;Diplomat;Fruit & Herb Tea Bags - Camomile
Tea;63856;25370386;Diplomat;Fruit & Herb Tea Bags - Camomile
Tea;54702;25313741;Diplomat;Fruit & Herb Tea Bags - Lemon & Ginger
Tea;63856;25370379;Diplomat;Fruit & Herb Tea Bags - Lemon & Ginger
Tea;54702;25313734;Diplomat;Fruit & Herb Tea Bags - Peppermint
Tea;63856;25370362;Diplomat;Fruit & Herb Tea Bags - Peppermint
Tea;54702;25308679;Diplomat;Lemon And Ginger Tea
Tea;54702;25308686;Diplomat;Peppermint Tea
Tea;58575;25308693;Diplomat;Decaffeinated Tea
Tea;58575;25370300;Diplomat;Decaffeinated Tea
Tea;61707;25241846;Specially Selected;Earl Grey Tea
Tea;63615;25370324;Diplomat;Fairtrade Speciality Tea - Earl Grey
Tea;63615;25370409;Diplomat;Fairtrade Speciality Tea - English Breakfast
Tea;63615;25370409;Diplomat;Fairtrade Speciality Tea - English Breakfast
Tea;56704;25304725;Diplomat;Gold Label Tea
Tea;56704;25304718;Diplomat;Gold Label Tea
Tea;67836;25304695;Diplomat;Red Label Tea
Tea;56703;25304701;Diplomat;Red Label Tea
Tea;63911;25370348;Diplomat;Red Label Tea Bags
Tea;63122;25365894;Mackenzie's;Scottish Blend Decaffeinated Tea
Tea;61707;25241839;Specially Selected;Scottish Breakfast Tea
Tea;73576;25040395;Specially Selected;Festive Spiced Chai Infusion Tea
Tea;73576;25040456;Specially Selected;Mulled Wine Infusion
Tea;73576;25040388;Specially Selected;Prosecco Infusion Tea
Tea;58573;25319972;Diplomat;Green Tea
Tea;58573;25319996;Diplomat;Green Tea & Jasmine
Tea;58573;25319989;Diplomat;Green Tea & Lemon
Tea;58573;25320008;Diplomat;Green Tea Decaffeinated
Canned Food;61975;25354058;Specially Selected;Festive Fruit Black Cherries In Kirsch
Canned Food;61975;25354058;Specially Selected;Festive Fruit Mini Pears In Mulled Wine
Canned Food;64866;25325010;Sweet Valley;Fruit Cocktail In Juice
Canned Food;64866;25422337;Sweet Valley;Fruit Cocktail In Juice
Canned Food;64866;25203783;Sweet Valley;Fruit Cocktail In Syrup
Canned Food;64866;25325003;Sweet Valley;Fruit Cocktail In Syrup
Canned Food;4601;25256772;Sweet Valley;Fruit Snack Pots Fruit Salad
Canned Food;4601;25272079;Sweet Valley;Fruit Snack Pots Fruit Salad
Canned Food;4601;25256772;Sweet Valley;Fruit Snack Pots Peach
Canned Food;4601;25272079;Sweet Valley;Fruit Snack Pots Peach
Canned Food;4601;25256772;Sweet Valley;Fruit Snack Pots Pineapple
Canned Food;4601;25272079;Sweet Valley;Fruit Snack Pots Pineapple
Canned Food;65522;25385663;Sweet Valley;Mandarin Segments In Juice
Canned Food;65522;25386219;Sweet Valley;Mandarin Segments In Juice
Canned Food;65522;25386202;Sweet Valley;Mandarin Segments In Light Syrup
Canned Food;65522;25003130;Sweet Valley;Mandarin Segments In Syrup
Canned Food;45147;25221282;Everyday Essentials;Peach Slices
Canned Food;45147;25282139;Everyday Essentials;Peach Slices
Canned Food;68416;25415049;Sweet Valley;Peach Slices In Juice
Canned Food;68416;25415056;Sweet Valley;Peach Slices In Juice
Canned Food;68416;25003079;Sweet Valley;Peach Slices In Syrup
Canned Food;68416;25282269;Sweet Valley;Peach Slices In Syrup
Canned Food;1108;25045994;Sweet Valley;Pineapple Slices
Canned Food;1108;25256765;Sweet Valley;Pineapple Slices
Canned Food;62577;25252446;Everyday Essentials;Baked Beans
Canned Food;63944;25253740;Corale;Baked Beans
Canned Food;64030;25311341;Corale;Baked Beans
Canned Food;68901;25421347;Specially Selected;Basil And Oregano Passata
Canned Food;6284;25364309;Sweet Harvest;Butter Beans
Canned Food;6284;25446098;Sweet Harvest;Butter Beans
Canned Food;68545;25421323;Sweet Harvest;Cannellini Beans
Canned Food;6284;25269932;Sweet Harvest;Chick Peas
Canned Food;6284;25446104;Sweet Harvest;Chick Peas
Canned Food;8099;25348668;Sweet Harvest;Chopped Tomatoes With Herbs
Canned Food;48727;25348552;Sweet Harvest;Chunky Chopped Tomatoes
Canned Food;8099;25246377;Sweet Harvest;Chunky Chopped Tomatoes Herbs
Canned Food;8099;25113358;Sweet Harvest;Chunky Chopped Tomatoes With Herbs
Canned Food;8099;25412505;Sweet Harvest;Chunky Chopped Tomatoes With Herbs
Canned Food;62581;25311365;Everyday Essentials;Everyday Essentials Baked Beans
Canned Food;58377;25314717;Sweet Harvest;Garden Peas
Canned Food;58377;25357097;Sweet Harvest;Garden Peas
Canned Food;68901;25421330;Specially Selected;Garlic Passata
Canned Food;90672;20016128;Lyttos;Greek Stuffed Olives Filled With Almonds
Canned Food;90672;20016128;Lyttos;Greek Stuffed Olives Filled With Red Pepper
Canned Food;90672;20016128;Lyttos;Greek Stuffed Olives With Garlic
Canned Food;68545;25421316;Sweet Harvest;Mixed Beans
Canned Food;48708;25238099;Sweet Harvest;Mushy Peas
Canned Food;48708;25293081;Sweet Harvest;Mushy Peas
Canned Food;2722;25217001;Cucina;Passata
Canned Food;2722;25318821;Cucina;Passata
Canned Food;2722;25370126;Sweet Harvest;Passata
Canned Food;4825;25117424;Everyday Essentials;Peeled Plum Tomatoes
Canned Food;4825;25246506;Everyday Essentials;Peeled Plum Tomatoes
Canned Food;42420;25370133;Sweet Harvest;Peeled Plum Tomatoes
Canned Food;4825;25415131;Everyday Essentials;Peeled Plum Tomatoes
Canned Food;42420;25286892;Sweet Harvest;Plum Tomatoes
Canned Food;62984;25000153;Corale;Premium Baked Beans
Canned Food;62982;25024258;Corale;Premium Baked Beans
Canned Food;1015;25324778;Sweet Harvest;Processed Peas
Canned Food;1015;25412536;Sweet Harvest;Processed Peas
Canned Food;1031;25427066;Sweet Harvest;Red Kidney Beans
Canned Food;1031;25431490;Sweet Harvest;Red Kidney Beans
Canned Food;3970;25161090;Corale;Shortcut Spaghetti
Canned Food;41178;25321623;Sweet Harvest;Sliced Carrots
Canned Food;41178;25425925;Sweet Harvest;Sliced Carrots
Canned Food;56460;25302813;Everyday Essentials;Spaghetti Hoops
Canned Food;56460;25379662;Everyday Essentials;Spaghetti Hoops
Canned Food;8966;25133707;Sweet Harvest;Sweetcorn
Canned Food;8966;25246797;Sweet Harvest;Sweetcorn
Canned Food;62799;25362657;Sweet Harvest;Sweetcorn
Canned Food;8966;25365801;Sweet Harvest;Sweetcorn
Canned Food;62799;25422924;Sweet Harvest;Sweetcorn
Canned Food;62799;25425949;Sweet Harvest;Sweetcorn
Canned Food;62799;25426656;Sweet Harvest;Sweetcorn
Canned Food;2206;25280906;Cucina;Tomato Puree
Canned Food;55733;25372236;The Deli;Anti Pasti Artichokes
Canned Food;55733;25372236;Cucina;Anti Pasti Artichokes (Without Herbs)
Canned Food;55733;25372250;The Deli;Anti Pasti Grilled Peppers
Canned Food;55733;25372229;The Deli;Anti Pasti Sun Dried Tomatoes
Canned Food;55733;25284577;The Deli;Artichokes
Canned Food;2854;25077018;Bramwells;Baby Beetroot
Canned Food;9612;25414844;Solesta;Black Pitted Olives
Canned Food;2853;25368062;Bramwells;Chilli Gherkins
Canned Food;2853;25324068;Bramwells;Gherkins Chilli
Canned Food;9612;25414837;Solesta;Green Pitted Olives
Canned Food;55733;25284560;The Deli;Grilled Peppers
Canned Food;60387;25334456;Specially Selected;Hot And Spicy Beetroot
Canned Food;60387;25334463;Specially Selected;Hot And Spicy Onions
Canned Food;4911;25310771;Bramwells;Piccalilli
Canned Food;2853;25324075;Bramwells;Pickled Gherkins
Canned Food;2853;25368079;Bramwells;Pickled Gherkins
Canned Food;9612;25414820;Solesta;Pitted Black Olives
Canned Food;9612;25414813;Solesta;Pitted Green Olives
Canned Food;61771;25352429;Bramwells;Red Cabbage
Canned Food;40432;25008838;Bramwells;Silverskin Onions
Canned Food;49405;25251081;Bramwells;Sliced Beetroot
Canned Food;49405;25345391;Bramwells;Sliced Beetroot
Canned Food;55733;25284591;The Deli;Sun Dried Tomatoes
Canned Food;63160;25366402;Bramwells;Sweet Pickle
Canned Food;61768;25351842;Bramwells;Sweet Silverskin Onions
Canned Food;61770;25351873;Bramwells;Traditional Pickled Onions
Canned Food;42903;25077018;Bramwells;Whole Baby Beetroot
Canned Food;44571;25216783;Sweet Harvest;Sliced Mushrooms
Canned Food;44571;25336177;Sweet Harvest;Sliced Mushrooms
Canned Food;55430;25295610;Delicious Desserts;Fruit In Jelly Peach
Canned Food;55430;25295627;Delicious Desserts;Fruit In Jelly Pineapple
Canned Food;55430;25429435;Delicious Desserts;Pineapple Pieces In Pineapple Jelly
Canned Food;55430;25429442;Delicious Desserts;Pineapple Pieces In Pineapple Jelly
"Convenience Food &Soups";72611;25019827;The Foodie Market;Gluten Free Soup- Spicy Butternut Squash
"Convenience Food &Soups";72611;25019834;The Foodie Market;Gluten Free Soup- Tomato & Red Pepper
"Convenience Food &Soups";54130;25285673;Duncan's;Spicy Tomato Soup
Long Life Dairy;68669;25418644;Actileaf;Sweetened Almond Milk
Long Life Dairy;69541;25263183;Actileaf;UHT Soya Drink Sweetened
Long Life Dairy;69542;25224573;Actileaf;UHT Soya Drink Unsweetened
Long Life Dairy;69460;25418996;Actileaf;Unsweetened Almond Milk
Chilled Foods;8785;25347463;Del Rivo;Apple & Raspberry Juice Drink
Chilled Foods;8785;25417012;Del Rivo;Apple & Raspberry Juice Drink
Chilled Foods;70654;25447385;Del Rivo;Citrus Juice Drink
Chilled Foods;66620;25400533;Coco Loco;Coconut Water
Chilled Foods;55587;25347456;Del Rivo;Cranberry & Raspberry Juice Drink
Chilled Foods;55587;25417029;Del Rivo;Cranberry And Raspberry Juice Drink
Chilled Foods;52965;25378504;Del Rivo;Cranberry Juice Drink
Chilled Foods;52965;25417036;Del Rivo;Cranberry Juice Drink
Chilled Foods;52966;25347531;Del Rivo;From Concentrate Apple Juice
Chilled Foods;52966;25417005;Del Rivo;From Concentrate Apple Juice
Chilled Foods;52963;25416992;Del Rivo;From Concentrate Orange Juice Smooth
Chilled Foods;52964;25416985;Del Rivo;From Concentrate Orange Juice With Bits
Chilled Foods;45696;25225303;Del Rivo;From Concentrate Tropical Juice Drink
Chilled Foods;62419;25358100;Del Rivo;"Kids Smoothies Orange, Mango & Pineapple"
Chilled Foods;68595;25417135;Del Rivo;Not From Concentrate Apple
Chilled Foods;68593;25417111;Del Rivo;Not From Concentrate Apple & Mango
Chilled Foods;40325;25181265;Del Rivo;Not From Concentrate Apple & Mango Juice
Chilled Foods;55316;25294583;Del Rivo;Not From Concentrate Apple And Mango Juice
Chilled Foods;55315;25294576;Del Rivo;Not From Concentrate Apple Juice
Chilled Foods;41873;25193312;Del Rivo;Not From Concentrate Orange Juice Smooth
Chilled Foods;61691;25350821;Del Rivo;Not From Concentrate Orange Juice Smooth
Chilled Foods;61691;25417081;Del Rivo;Not From Concentrate Orange Juice Smooth
Chilled Foods;68592;25417104;Del Rivo;Not From Concentrate Orange Juice Smooth
Chilled Foods;61691;25460353;Del Rivo;Not From Concentrate Orange Juice Smooth
Chilled Foods;5281;25147735;Del Rivo;Not From Concentrate Orange Juice With Bits
Chilled Foods;61690;25350814;Del Rivo;Not From Concentrate Orange Juice With Bits
Chilled Foods;61690;25417098;Del Rivo;Not From Concentrate Orange Juice With Bits
Chilled Foods;68594;25417128;Del Rivo;Not From Concentrate Orange With Bits
Chilled Foods;52963;25347500;Del Rivo;Orange Juice From Concentrate
Chilled Foods;52964;25347524;Del Rivo;Orange Juice From Concentrate
Chilled Foods;55584;25327120;Everyday Essentials;Orange Juice Smooth
Chilled Foods;55584;25296853;Everyday Essentials;Orange Juice Smooth From Concentrate
Chilled Foods;74968;25390841;Del Rivo;"Orange, Mango & Passionfruit Fruit Smoothie"
Chilled Foods;66127;25312003;Del Rivo;"Orange, Mango & Passionfruit Smoothie"
Chilled Foods;66127;25238495;Del Rivo;Strawberry & Banana Smoothie
Chilled Foods;60868;25296891;Del Rivo;Summer Fruits Drink
Chilled Foods;55588;25347562;Del Rivo;Summer Fruits Juice Drink
Chilled Foods;70654;25447378;Del Rivo;Summer Juice Drink
Chilled Foods;45696;25347579;Del Rivo;Tropical Juice Drink
Chilled Foods;71866;25051148;Specially Selected;Bella De Cerignola
Chilled Foods;71132;25305432;The Deli;Caramelised Onion Humous
Chilled Foods;71134;25305432;The Deli;Caramelised Onion Humous
Chilled Foods;59239;25440850;Specially Selected;Fruity Moroccan Cous Cous
Chilled Foods;59239;25440881;Specially Selected;Fruity Moroccan Cous Cous
Chilled Foods;71132;25438659;The Deli;Lemon & Coriander Humous
Chilled Foods;71134;25438659;The Deli;Lemon & Coriander Humous
Chilled Foods;72389;25014433;The Deli;Mediterranean Falafel
Chilled Foods;67132;25051087;Specially Selected;Middle Eastern Inspired Olives
Chilled Foods;72389;25014457;The Deli;Moroccan Falafel
Chilled Foods;71132;25439137;The Deli;Moroccan Humous
Chilled Foods;71134;25439137;The Deli;Moroccan Humous
Chilled Foods;59238;25377002;Specially Selected;Orzo & Slow Roasted Tomatoes
Chilled Foods;59238;25440928;Specially Selected;Orzo & Slow Roasted Tomatoes
Chilled Foods;71132;25239133;The Deli;Red Pepper Humous
Chilled Foods;71134;25239133;The Deli;Red Pepper Humous
Chilled Foods;4956;25222814;The Deli;Reduced Fat Humous
Chilled Foods;71866;25043617;Specially Selected;Specially Selected Mixed Olives With Marinade
Chilled Foods;4956;25326208;The Deli;Standard Humous
Chilled Foods;59239;25440874;Specially Selected;Sweete Pepper Cous Cous
Chilled Foods;59239;25440898;Specially Selected;Sweete Pepper Cous Cous
Chilled Foods;67132;25051070;Specially Selected;Vodka Martini Olives
Chilled Foods;68735;25422016;Cucina;Tomato & Basil Pasta Sauce
Chilled Foods;72284;25224849;Greenvale;Puff Pastry
Chilled Foods;65661;25375367;Greenvale;Ready Rolled Shortcrust Pastry
Chilled Foods;8543;25163407;Bon Appetit;Baby Jacket Potatoes
Chilled Foods;70021;25439274;Cook Fresh;Beetroot & Pomegranate Soup
Chilled Foods;73359;25033922;Indian Cuisine;Bombay Potato
Chilled Foods;53535;25038521;Soupreme;Butternut Squash
Chilled Foods;61966;25399165;Specially Selected;Cranberry Sauce
Chilled Foods;70021;25439267;Cook Fresh;Curried Sweet Potato & Coconut Soup
Chilled Foods;60415;25305210;Specially Selected;Lentil And Tomato Soup
Chilled Foods;67653;25298505;Indian Cuisine;Onion Bhajis
Chilled Foods;72562;25018509;Specially Selected;Pilau Rice
Chilled Foods;67578;25406504;Soupreme;Skinny Thai Carrot Soup
Chilled Foods;67578;25442946;Soupreme;Skinny Thai Carrot Soup
Chilled Foods;70021;25439281;Cook Fresh;"Spinach, Kale & Garlic Soup"
Chilled Foods;67653;25298499;Indian Cuisine;Vegetable Samosas
Chilled Foods;67651;25298512;Asian Cuisine;Vegetable Spring Rolls
Chilled Foods;60415;25442786;Specially Selected;Vine Tomato & Lentil Soup
Chilled Foods;54675;25276374;Sweet Valley;Apple & Grape Snack Pack
Chilled Foods;54675;25276367;Sweet Valley;Apple Snack Pack
Chilled Foods;73478;25036398;Just Tasty;Carrots & Humous Twin pot
"Dressings, Oils &Sauces";47638;25239270;Everyday Essentials;Golden Vegetable Savoury Rice
"Dressings, Oils &Sauces";43694;25209419;Make In Minutes;"Pasta & Sauce  - Tomato, Onion & Herb"
"Dressings, Oils &Sauces";48278;25206166;Snack Noodle;Spicy Curry Snack Noodle
"Dressings, Oils &Sauces";63982;25360455;Specially Selected;British Cold Pressed Rapeseed Oil
"Dressings, Oils &Sauces";70350;25385625;Coco Loco;Coconut Oil
"Dressings, Oils &Sauces";6463;25188615;Solesta;Cooking Oil Spray - Olive Oil
"Dressings, Oils &Sauces";6463;25188608;Solesta;Cooking Oil Spray - Sunflower Oil
"Dressings, Oils &Sauces";1700;25045758;Solesta;Extra Virgin Olive Oil
"Dressings, Oils &Sauces";1700;25375473;Solesta;Extra Virgin Olive Oil
"Dressings, Oils &Sauces";41476;25271355;Solesta;Light In Colour Olive Oil
"Dressings, Oils &Sauces";41476;25333862;Solesta;Light In Colour Olive Oil
"Dressings, Oils &Sauces";41476;25221510;Solesta;Mild & Light Olive Oil
"Dressings, Oils &Sauces";41476;25190083;Solesta;Olive Oil
"Dressings, Oils &Sauces";41476;25271348;Solesta;Olive Oil
"Dressings, Oils &Sauces";41476;25333831;Solesta;Olive Oil
"Dressings, Oils &Sauces";46456;25231243;Specially Selected;Puglian Extra Virgin Olive Oil
"Dressings, Oils &Sauces";69100;25361667;Specially Selected;Scottish Cold Pressed Rapeseed Oil
"Dressings, Oils &Sauces";58145;25316391;Solesta;Sunflower Oil
"Dressings, Oils &Sauces";58144;25316384;Solesta;Vegetable Oil
"Dressings, Oils &Sauces";42489;25423723;Specially Selected;Alphonso Mango And Apricot Chutney
"Dressings, Oils &Sauces";61291;25387414;Bramwells;Beef Casserole Dried Recipe Mix
"Dressings, Oils &Sauces";2850;25014983;Bramwells;Bramley Apple Sauce
"Dressings, Oils &Sauces";73836;25407600;Specially Selected;Bramley Apple Table Sauces
"Dressings, Oils &Sauces";52455;25272666;Bramwells;Bramwells Mint Sauce
"Dressings, Oils &Sauces";61425;25407600;Specially Selected;British Bramley Apple Sauce With Kentish Cider
"Dressings, Oils &Sauces";41702;25240597;Trois Lys / Bramwells;Premium Mustards - Dijon
"Dressings, Oils &Sauces";41702;25240603;Trois Lys / Bramwells;Premium Mustards - Hot English
"Dressings, Oils &Sauces";71638;25461473;Specially Selected;Red Pepper & Jalapeno Chutney
"Dressings, Oils &Sauces";61291;25387391;Bramwells;Sausage Casserole Dried Recipe Mix
"Dressings, Oils &Sauces";61291;25387384;Bramwells;Shepherds Pie Dried Recipe Mix
"Dressings, Oils &Sauces";74827;25076943;Specially Selected;Specially Selected Chutney Gift Set
"Dressings, Oils &Sauces";42489;25224894;Specially Selected;Tomato & Chilli Chutney
"Dressings, Oils &Sauces";58190;25316315;Specially Selected;Tomato & Chilli Chutney
"Dressings, Oils &Sauces";43004;25387339;Bramwells;Tomato Ketchup
"Dressings, Oils &Sauces";66679;25398410;Bramwells;Tomato Ketchup
"Dressings, Oils &Sauces";71635;25461046;Bramwells;Golden Breadcrumbs
"Dressings, Oils &Sauces";45933;25227369;Bramwells;Light French Salad Dressing
"Dressings, Oils &Sauces";45934;25448320;Specially Selected;Maple And Mustard Salad Dressings
"Dressings, Oils &Sauces";71635;25461053;Bramwells;Natural Breadcrumbs
"Dressings, Oils &Sauces";45934;25260878;Specially Selected;Salad Dressing - Balsamic
"Dressings, Oils &Sauces";63607;25263220;Cucina;Bolognese Sauce
"Dressings, Oils &Sauces";63607;25370287;Cucina;Bolognese Sauce With Extra Basil
"Dressings, Oils &Sauces";61529;25316650;Asia Specialities;Coconut Milk
"Dressings, Oils &Sauces";44547;25216608;Fiesta;Fajita Dinner Kit
"Dressings, Oils &Sauces";50138;25347074;Asia Specialities;Hoisin And Garlic Sauce
"Dressings, Oils &Sauces";50138;25198850;Asia Specialities;Hoisin And Garlic Stir Fry Sauce
"Dressings, Oils &Sauces";42651;25280067;Fiesta;Hot Chilli Cooking Sauce
"Dressings, Oils &Sauces";42914;25203196;Specially Selected;Hot Curry Sauces - Balti
"Dressings, Oils &Sauces";42914;25310672;Specially Selected;Hot Curry Sauces - Balti
"Dressings, Oils &Sauces";42914;25140699;Specially Selected;Hot Curry Sauces - Jalfrezi
"Dressings, Oils &Sauces";42914;25310658;Specially Selected;Hot Curry Sauces - Jalfrezi
"Dressings, Oils &Sauces";42914;25203202;Specially Selected;Hot Curry Sauces - Madras
"Dressings, Oils &Sauces";42914;25310641;Specially Selected;Hot Curry Sauces - Madras
"Dressings, Oils &Sauces";58192;25043938;Bramwells;Hunters Chicken International Cooking Sauces
"Dressings, Oils &Sauces";61529;25349306;Asia Specialities;Low Fat Coconut Milk
"Dressings, Oils &Sauces";61529;25412574;Asia Specialities;Low Fat Coconut Milk
"Dressings, Oils &Sauces";43609;25208849;Bilash;Mango Chutney
"Dressings, Oils &Sauces";60147;25334319;Specially Selected;Mexican Style Chilli Season & Sauce
"Dressings, Oils &Sauces";60147;25334302;Specially Selected;Mexican Style Fajita Season & Sauce
"Dressings, Oils &Sauces";42651;25277401;Fiesta;Mild Chilli Cooking Sauce
"Dressings, Oils &Sauces";58192;25043945;Bramwells;Sausage Casserole International Cooking Sauces
"Dressings, Oils &Sauces";67463;25277517;Bramwells;Spanish Chicken Cooking Sauce
"Dressings, Oils &Sauces";58184;25044379;Cucina;Spanish Chicken Cooking Sauces
"Dressings, Oils &Sauces";47952;25274431;Cucina;Spicy Tomato & Peppercorn Pasta Sauce
"Dressings, Oils &Sauces";61529;25412581;Asia Specialities;Standard Coconut Milk
"Dressings, Oils &Sauces";49382;25152371;Specially Selected;"Stir Through Pasta Sauce - Tomato & GrilledPeppers"
"Dressings, Oils &Sauces";43534;25253085;Asia Specialities;Sweet & Sour Cooking Sauce
"Dressings, Oils &Sauces";50138;25347081;Asia Specialities;Sweet And Sour Sauce
"Dressings, Oils &Sauces";50138;25198843;Asia Specialities;Sweet And Sour Stir Fry Sauce
"Dressings, Oils &Sauces";46966;25227970;Asia Specialities;Sweet Chilli Sauce
"Dressings, Oils &Sauces";46966;25385861;Asia Specialities;Sweet Chilli Sauce
"Dressings, Oils &Sauces";47952;25274424;Cucina;Tomato & Garlic Pasta Sauce
"Dressings, Oils &Sauces";5451;25234114;Everyday Essentials;Tomato & Herb Pasta Sauce
"Dressings, Oils &Sauces";47952;25274417;Cucina;Tomato & Mushroom Pasta Sauce
"Dressings, Oils &Sauces";56511;25237153;Specially Selected;Tomato And Chilli Pasta Sauce
Preserves & Spreads;49938;25373929;Grandessa;45% Fruit Jam Apricot
Preserves & Spreads;49938;25373912;Grandessa;45% Fruit Jam Raspberry
Preserves & Spreads;49938;25373936;Grandessa;45% Fruit Jam Seedless Raspberry
Preserves & Spreads;49938;25373905;Grandessa;45% Fruit Jam Strawberry
Preserves & Spreads;67745;25373653;Specially Selected;55% Conserve - Apricot
Preserves & Spreads;67745;25373660;Specially Selected;55% Conserve - Blackcurrant
Preserves & Spreads;67745;25373646;Specially Selected;55% Conserve - Raspberry
Preserves & Spreads;67674;25373639;Specially Selected;55% Strawberry Conserve
Preserves & Spreads;49938;25374827;Grandessa;Apricot 45% Fruit Jam
Preserves & Spreads;1385;25011098;Grandessa;Apricot Conserve
Preserves & Spreads;1385;25011111;Grandessa;Blackcurrant Conserve
Preserves & Spreads;58749;25374858;Everyday Essentials;Everyday Essentials Strawberry Jam
Preserves & Spreads;7144;25003543;Grandessa;Fine Cut Marmalade
Preserves & Spreads;7144;25290356;Grandessa;Fine Cut Marmalade
Preserves & Spreads;48555;25245028;Everyday Essentials;Orange Marmalade
Preserves & Spreads;49938;25374834;Grandessa;Raspberry 45% Fruit Jam
Preserves & Spreads;1385;25011104;Grandessa;Raspberry Conserve
Preserves & Spreads;65829;25390773;Specially Selected;Scottish Raspberry Jam
Preserves & Spreads;65829;25390780;Specially Selected;Scottish Strawberry Jam
Preserves & Spreads;49938;25374841;Grandessa;Seedless 45% Fruit Jam
Preserves & Spreads;49938;25374810;Grandessa;Strawberry 45% Fruit Jam
Preserves & Spreads;1386;25011081;Grandessa;Strawberry Conserve
Preserves & Spreads;51752;25267037;Everyday Essentials;Strawberry Jam
Preserves & Spreads;58749;25321524;Everyday Essentials;Strawberry Jam
Preserves & Spreads;7144;25003550;Grandessa;Thick Cut Marmalade
Preserves & Spreads;7144;25290363;Grandessa;Thick Cut Marmalade
Preserves & Spreads;68365;25462821;Specially Selected;Whisky Preserves Gift Set
Preserves & Spreads;73672;25042740;Specially Selected;Raspberry Dessert Sauce
Preserves & Spreads;42032;25235050;Grandessa;Crunchy Peanut Butter
Preserves & Spreads;42032;25271393;Grandessa;Crunchy Peanut Butter
Preserves & Spreads;55514;25444490;Specially Selected;Crunchy Peanut Butter
Preserves & Spreads;42032;25235043;Grandessa;Smooth Peanut Butter
Preserves & Spreads;42032;25271386;Grandessa;Smooth Peanut Butter
Preserves & Spreads;55514;25444506;Specially Selected;Smooth Peanut Butter
Flour;72796;25385588;Has No;Gluten Free Plain Flour
Flour;72796;25385595;Has No;Gluten Free Self Raising Flour
Flour;49599;25290448;The Pantry;Plain Flour
Flour;49599;25380569;The Pantry;Plain Flour
Flour;49601;25290431;The Pantry;Self Raising Flour
Flour;49601;25380576;The Pantry;Self Raising Flour
Flour;68232;25367850;The Pantry;Strong White Flour
Flour;68232;25367898;The Pantry;Strong Wholemeal Flour
Flour;68232;25049855;The Pantry;Very Strong White Flour
Flour;53387;25251197;The Pantry;White Crusty Bread Mix
Flour;53387;25251166;The Pantry;Wholemeal Crusty Bread Mix
Baking Ingredients;68315;25412253;The Pantry;Almond Extract
Baking Ingredients;57350;25251142;The Pantry;Baking Powder
Baking Ingredients;57350;25251104;The Pantry;Bicarbonate Of Soda
Baking Ingredients;68254;25431995;The Pantry;Blue Food Colouring
Baking Ingredients;73792;25397536;The Pantry;Cocoa Powder
Baking Ingredients;57350;25378474;The Pantry;Cream Of Tartar
Baking Ingredients;63083;25359503;The Pantry;Fast Action Dried Yeast
Baking Ingredients;68254;25432039;The Pantry;Green Food Colouring
Baking Ingredients;64568;25361827;The Pantry;Lemon Juice
Baking Ingredients;64568;25378450;The Pantry;Lime Juice
Baking Ingredients;68254;25432008;The Pantry;Pink Food Colouring
Baking Ingredients;71319;25456981;The Pantry;Ready To Roll Natural Marzipan
Baking Ingredients;71266;25456318;The Pantry;Ready To Roll White Icing
Baking Ingredients;68315;25412246;The Pantry;Vanilla Extract
Baking Ingredients;68254;25432022;The Pantry;Yellow Food Colouring
Dried Fruit & Nuts;68891;25016697;The Pantry;Almonds- Blanched
Dried Fruit & Nuts;68891;25016703;The Pantry;Almonds- Flaked
Dried Fruit & Nuts;68891;25016758;The Pantry;Almonds- Ground
Dried Fruit & Nuts;59415;25327885;The Pantry;Apricots
Dried Fruit & Nuts;59415;25328288;The Pantry;Apricots
Dried Fruit & Nuts;59415;25431629;The Pantry;Apricots
Dried Fruit & Nuts;42978;25434064;The Pantry;Californian Soft Prunes
Dried Fruit & Nuts;70934;25452334;The Pantry;Dried Mixed Fruit
Dried Fruit & Nuts;63067;25452327;The Pantry;Glace Cherries
Dried Fruit & Nuts;69482;25430363;The Pantry;Hazelnuts
Dried Fruit & Nuts;62456;25446920;Specially Selected;Luxury Brandy Mincemeat
Dried Fruit & Nuts;69482;25430356;The Pantry;Pecans
Dried Fruit & Nuts;54977;25332285;The Pantry;Sultanas Added Sugar
Dried Fruit & Nuts;54977;25437720;The Pantry;Sultanas Added Sugar
Dried Fruit & Nuts;54977;25437997;The Pantry;Sultanas Added Sugar
Dried Fruit & Nuts;59415;25430837;The Pantry;The Pantry Apricots
Dried Fruit & Nuts;48305;25354225;The Pantry;Traditional Mincemeat
Dried Fruit & Nuts;50643;25346671;The Pantry;Walnut Halves
Dried Fruit & Nuts;50643;25346664;The Pantry;Walnut Pieces
Dried Fruit & Nuts;69482;25430349;The Pantry;Walnuts
Rice;2248;25230536;Bilash;Basmati Rice
Rice;2248;25241808;Bilash;Basmati Rice
Rice;69402;25429039;Worldwide;Basmati Rice
Rice;47258;25225327;Worldwide;Boil In The Bag Rice
Rice;49653;25241792;Bilash;Boil In The Bag Rice
Rice;67926;25409291;Bilash;Boil In The Bag Rice
Rice;69436;25429787;Worldwide;Brown Rice
Rice;2249;25225334;Bilash;Easy Cook Rice
Rice;2249;25241815;Bilash;Easy Cook Rice
Rice;74011;25051926;The Foodie Market;Giant Cous Cous
Rice;58567;25312126;Everyday Essentials;Long Grain Rice
Rice;65142;25387582;Everyday Essentials;Long Grain Rice
Rice;69024;25060317;Worldwide;Microwave Basmati Rice
Rice;69022;25060324;Worldwide;Microwave Pilau Rice
Rice;72402;25332827;Worldwide;Roasted Vegetable Cous Cous
Rice;72402;25332810;Worldwide;Spice Infusion Cous Cous
Rice;74012;25051933;The Foodie Market;Standard Cous Cous
Rice;72402;25332834;Worldwide;Sundried Tomato & Garlic Cous Cous
Rice;72402;25014822;Worldwide;Worldwide Plain Cous Cous
Pasta & Noodles;55266;25212327;Cucina;Cucina Penne
Pasta & Noodles;47555;25212310;Cucina;Cucina Spaghetti
Pasta & Noodles;55265;25212303;Cucina;Fusilli
Pasta & Noodles;59167;25288537;Everyday Essentials;Penne
Pasta & Noodles;43739;25215342;Asia Specialities;Ready To Wok Noodles
Pasta & Noodles;73894;25048926;Asia Specialities;Ready To Wok Rice Noodles
Pasta & Noodles;49754;25288551;Everyday Essentials;Spaghetti
Pasta & Noodles;70215;25442489;Cucina;Whole-wheat Fusilli
Pasta & Noodles;70215;25442472;Cucina;Whole-wheat Spaghetti
Cereals;62144;25355741;Aldi;Crisp Cereal - Apple & Cinnamon
Cereals;72907;25287486;Harvest Morn;Fruit Wheats- Apricot
Cereals;72907;25287424;Harvest Morn;Fruit Wheats- Blueberry
Cereals;72907;25456264;Harvest Morn;Fruit Wheats- Cherry
Cereals;1731;25171389;Specially Selected;Premium Muesli - Berries & Cherries
Cereals;1731;25171372;Specially Selected;Premium Muesli - Exotic
Cereals;1731;25171396;Specially Selected;Premium Muesli - Really Nutty
Cereals;8885;25134094;Harvest Morn;Wheat Bisks
"Instant Soups, Stocks& Packet Mix";62070;25355031;Specially Selected;Mushroom And Garlic Stuffing
"Instant Soups, Stocks& Packet Mix";53919;25280456;Quixo;Onion Gravy Granules
"Instant Soups, Stocks& Packet Mix";62070;25355048;Specially Selected;Orange Cranberry And Apricot Stuffing
"Instant Soups, Stocks& Packet Mix";44479;25215816;Quixo;Sage & Onion Stuffing
"Instant Soups, Stocks& Packet Mix";61971;25354034;Quixo;Sage And Onion Stuffing
"Instant Soups, Stocks& Packet Mix";62070;25355024;Specially Selected;Sage And Onion Stuffing
Herbs & Spices;59972;25300765;Stonemill;Basil
Herbs & Spices;70355;25383003;Stonemill;Cajun Seasoning
Herbs & Spices;70356;25382990;Stonemill;Chicken Seasoning
Herbs & Spices;59989;25300772;Stonemill;Chilli Powder
Herbs & Spices;64201;25320107;Stonemill;Crushed Chillies
Herbs & Spices;59985;25300819;Stonemill;Cumin
Herbs & Spices;64202;25320114;Stonemill;Garlic Granules
Herbs & Spices;59988;25300789;Stonemill;Ground Cinnamon
Herbs & Spices;59990;25300802;Stonemill;Ground Ginger
Herbs & Spices;70535;25445589;Stonemill;Medium Curry Powder
Herbs & Spices;59969;25300710;Stonemill;Mixed Herbs
Herbs & Spices;70759;25449037;Stonemill;Mixed Spice
Herbs & Spices;59981;25300727;Stonemill;Oregano
Herbs & Spices;59983;25300796;Stonemill;Paprika
Herbs & Spices;59979;25300758;Stonemill;Parsley
Herbs & Spices;70199;25442199;Stonemill;Season All Seasoning
Herbs & Spices;59872;25329384;Stonemill;Table Salt
Herbs & Spices;72672;25300734;Stonemill;Thyme
Herbs & Spices;59986;25300826;Stonemill;Turmeric
Herbs & Spices;70492;25444964;Stonemill;Winter Herbs And Spices - Bay Leaves
Herbs & Spices;70492;25445114;Stonemill;Winter Herbs And Spices - Cinnamon Sticks
Sugar and Sweeteners;49427;25329063;The Pantry;Caster Sugar
Sugar and Sweeteners;49427;25376364;The Pantry;Caster Sugar
Sugar and Sweeteners;63080;25324921;The Pantry;Dark Brown Soft Sugar
Sugar and Sweeteners;6846;25329117;The Pantry;Demerara Sugar
Sugar and Sweeteners;6846;25373691;The Pantry;Demerara Sugar
Sugar and Sweeteners;7118;25330649;The Pantry;Granulated Sugar
Sugar and Sweeteners;7118;25330656;The Pantry;Granulated Sugar
Sugar and Sweeteners;66650;25376289;The Pantry;Granulated Sugar
Sugar and Sweeteners;7118;25416145;The Pantry;Granulated Sugar
Sugar and Sweeteners;44381;25329100;The Pantry;Icing Sugar
Sugar and Sweeteners;67232;25381115;The Pantry;Icing Sugar
Sugar and Sweeteners;63078;25324914;The Pantry;Light Brown Soft Sugar
Sugar and Sweeteners;44383;25439489;The Pantry;Stevia Sweetener Granules
Sugar and Sweeteners;44383;25346657;The Pantry;Sucralose Sweetener Granules
Vinegar;74517;25063516;Specially Selected;Aged Balsamic Vinegar
Vinegar;60305;25335576;Solesta;Balsamic Vinegar
Vinegar;2801;25331936;Bramwells;Bramwells Malt Vinegar
Vinegar;69329;25427936;Bramwells;Distilled Vinegar
Vinegar;2801;25002836;Bramwells;Malt Vinegar
Vinegar;60305;25441185;Solesta;Solesta Balsamic Vinegar
Baking Mixes;67204;25403121;The Pantry;Clootie Dumpling Cake Mix
Dried Beans & Grains;73535;25403008;The Pantry;The Pantry Broth Mix
Dried Beans & Grains;73537;25461039;The Pantry;The Pantry Chick Peas
Dried Beans & Grains;73536;25403039;The Pantry;The Pantry Green Split Peas
Dried Beans & Grains;73537;25461022;The Pantry;The Pantry Marrowfat Peas
Dried Beans & Grains;73536;25403015;The Pantry;The Pantry Pearl Barley
Dried Beans & Grains;73534;25309744;The Pantry;The Pantry Red Split Lentils
Dried Beans & Grains;73536;25403022;The Pantry;The Pantry Yellow Split Peas
Dried Beans & Grains;67073;25402995;The Pantry;Vegetable Broth Mix
Hot Cereals & Oatmeal;73326;25330342;Free From;Gluten Free Organic Porridge
Hot Cereals & Oatmeal;57880;25368611;Harvest Morn;Instant Porridge Oats Sachets Golden Syrup
Hot Cereals & Oatmeal;57880;25368604;Harvest Morn;Instant Porridge Oats Sachets Original
Hot Cereals & Oatmeal;48535;25365467;Everyday Essentials;Porridge Oats
Hot Cereals & Oatmeal;41647;25191509;Harvest Morn;Scottish Porridge Oats
Healthy Snacking;57745;25454796;The Foodie Market;Almonds
Healthy Snacking;72258;25010572;The Foodie Market;Berry Bounty - Cranberry Raisin Fruit Mix
Healthy Snacking;68329;25013948;The Foodie Market;Berry Nutty Pocket
Healthy Snacking;57745;25454772;The Foodie Market;Brazil Nuts
Healthy Snacking;57803;25454758;The Foodie Market;Cashews
Healthy Snacking;68329;25016932;The Foodie Market;Coconut Mix Pocket
Healthy Snacking;72258;25010695;The Foodie Market;Fabulous Fruit And Nuts - Fruit And Nut Mix
Healthy Snacking;57743;25010732;The Foodie Market;Foodie Market Berry Mix
Healthy Snacking;57743;25010725;The Foodie Market;Foodie Market Cranberry
Healthy Snacking;73428;25035421;The Foodie Market;Foodie Market Dates
Healthy Snacking;66643;25369335;The Foodie Market;Foodie Market Forest Fusion Snack Pot
Healthy Snacking;57743;25010718;The Foodie Market;Foodie Market Mango
Healthy Snacking;66643;25369359;The Foodie Market;Foodie Market Rainforest Bounty Snack Pot
Healthy Snacking;66643;25369342;The Foodie Market;Foodie Market Sunshine Selection Snack Pot
Healthy Snacking;66643;25369366;The Foodie Market;Foodie Market Tropical Blend Snack Pot
Healthy Snacking;66643;25369373;The Foodie Market;Foodie Market Woodland Jumble Snack Pot
Healthy Snacking;68329;25014525;The Foodie Market;Fruit Mix Pocket
Healthy Snacking;54417;25173444;Harvest Morn;"Milled Linseed - Goji, Sunflower & Pumpkin"
Healthy Snacking;54417;25153507;Harvest Morn;Milled Linseed Golden
Healthy Snacking;54417;25210521;Harvest Morn;Milled Linseed Sesame
Healthy Snacking;50032;25291681;Sweetvine;Mini Snack Raisins
Healthy Snacking;73552;25357288;The Foodie Market;Mixed Nuts In Shell With Basket And Nut Cracker
Healthy Snacking;72258;25010671;The Foodie Market;Natures Nutty Combo - Nut Mix
Healthy Snacking;68329;25014440;The Foodie Market;Nut And Seed Pocket
Healthy Snacking;57803;25454741;The Foodie Market;Pistachios
Healthy Snacking;72258;25010602;The Foodie Market;Tropical Island Mix - Trail Mix
Healthy Snacking;68329;25013566;The Foodie Market;Veggie Burst Pockets
Healthy Snacking;57803;25454734;The Foodie Market;Walnuts
Healthy Snacking;73280;25409062;The Foodie Market;Walnuts In Shell
Bakery;40755;25363388;Village Bakery;Brown Baguettes
Bakery;40755;25363371;Village Bakery;Brown Rolls
Bakery;74562;25066944;Village Bakery;Christmas Tree Bake & Break Rolls
Bakery;74562;25066951;Village Bakery;Christmas Tree Bake & Break Seeded Rolls
Bakery;74331;25058499;Village Bakery;Multigrain Stone Oven Part Baked Baguettes
Bakery;5930;25364811;Village Bakery;Part Baked Rolls
Bakery;5929;25364286;Village Bakery;Part Baked White Baguettes
Bakery;6258;22118905;Village Bakery;White Dinner Rolls
Bakery;74331;25058451;Village Bakery;White Stone Part Baked Baguettes
Bakery;65896;25327922;Everyday Essentials;Bread Wholemeal Bread
Bakery;68717;25419443;Village Bakery;Brown Sandwich Thins
Bakery;64754;25380033;Village Bakery;Danish Loaf
Bakery;65896;25390353;Everyday Essentials;Everyday Essentials White Bread
Bakery;65896;25390360;Everyday Essentials;Everyday Essentials Wholemeal Bread
Bakery;64757;25380057;Village Bakery;Farmhouse Loaf
Bakery;40619;25144987;Specially Selected;Farmhouse Seeded White Batch
Bakery;40616;25005059;Specially Selected;Multigrain Batch Loaf
Bakery;72303;25012101;Village Bakery;Scottish Medium Batch Bread
Bakery;72301;25012057;Village Bakery;Scottish Thick Batch Bread
Bakery;64749;25379983;Village Bakery;Seeded Loaf
Bakery;60398;25336337;Village Bakery;Soft Medium White Bread
Bakery;42927;25203332;Village Bakery;Soft White Toastie Loaf
Bakery;41645;25390377;Village Bakery;Village Bakery Both In One Loaf
Bakery;42929;25203363;Village Bakery;Village Bakery Soft Wholemeal Bread
Bakery;42929;25390346;Village Bakery;Village Bakery Soft Wholemeal Bread
Bakery;65896;25327915;Everyday Essentials;White Bread
Bakery;54087;25369588;Brownings;Cracked Wheat
Bakery;70574;25366532;Mortons Rolls;Pineapple Tarts
Bakery;53829;25379952;Brownings;Poppy Seed Rolls
Bakery;70574;25366525;Mortons Rolls;Raspberry Tarts
Bakery;56046;25366846;Brownings;Scottish Finger Rolls
Bakery;53829;25373103;Brownings;White Sub Rolls
Bakery;54087;25369595;Brownings;Wholemeal Rolls
Bakery;68148;25411263;Village Bakery;Both In One Tortilla Wraps
Bakery;68148;25411287;Village Bakery;Both In One Tortilla Wraps
Bakery;74607;25068641;Village Bakery;Christmas Tree Crumpets
Bakery;71072;25454024;Village Bakery;Ciabatta Half Loaves
Bakery;68148;25411256;Village Bakery;Garlic Wraps
Bakery;68148;25411270;Village Bakery;Garlic Wraps
Bakery;71071;25454017;Village Bakery;Panini Rolls
Bakery;49839;25041255;Bilash;Plain Poppadum's
Bakery;68150;25411331;Village Bakery;Plain Tortilla Wraps
Bakery;68150;25411348;Village Bakery;Plain Tortilla Wraps
Bakery;73088;25035711;Village Bakery;So Malty Minis
Bakery;49284;25288995;Village Bakery;Toasting Muffins
Bakery;71181;25455557;Village Bakery;Village Bakery Wholemeal Wrap
Bakery;66192;25321326;Village Bakery;White Pitta
Bakery;66192;25321340;Village Bakery;Wholemeal Pitta
Bakery;68668;994;In Store Bakery;Tiger Bread
Fruits & Vegetables;51021;25340471;The Salad Box;Cooked Beetroot
Fruits & Vegetables;62660;25360929;Wood Farm;Cauliflower & Broccoli Florets
Fruits & Vegetables;53116;25341232;Wood Farm;Kale - Shredded
Fruits & Vegetables;67580;25406528;Leaf Merchant;"Baby Kale, Pak Choi And Baby Leaf Salad"
Fruits & Vegetables;65927;25393545;Leaf Merchant;Baby Spinach
Fruits & Vegetables;65921;25393507;Leaf Merchant;Bistro Salad
Fruits & Vegetables;66264;25393682;Leaf Merchant;Chopped Iceberg Lettuce
Fruits & Vegetables;65923;25393521;Leaf Merchant;Crispy Mixed Leaf Salad
Fruits & Vegetables;65918;25393552;Everyday Essentials;Crunchy Salad
Fruits & Vegetables;66269;25393712;Leaf Merchant;Garden Salad
Fruits & Vegetables;65924;25393491;Leaf Merchant;Generic Baby Leaf Salad
Fruits & Vegetables;65926;25393538;Leaf Merchant;Generic Wild Rocket
Fruits & Vegetables;66269;25393729;Leaf Merchant;Mediterranean Salad
Fruits & Vegetables;65922;25393514;Leaf Merchant;Mild Mixed Leaf Salad
Fruits & Vegetables;66254;25393590;Leaf Merchant;Pea Shoots & Baby Leaves
Fruits & Vegetables;66265;25393699;Leaf Merchant;Sweet And Crunchy Salad Bowl
Fruits & Vegetables;66254;25393583;Leaf Merchant;"Watercress, Spinach & Rocket"
Fruits & Vegetables;71269;25456363;Let's Eat;Classic Fruit Salad
Fruits & Vegetables;73909;25049572;Let's Eat;Mango Chunks
Fruits & Vegetables;61655;25350296;Let's Eat;Mango Chunks
Fruits & Vegetables;61657;25350319;Let's Eat;Melon Medley
Fruits & Vegetables;61654;25350289;Let's Eat;Pineapple Chunks
Fruits & Vegetables;74545;25350333;Let's Eat;Pomegranate Seeds
Fruits & Vegetables;66527;25396669;Let's Eat;Watermelon Wedges
Fruits & Vegetables;72441;25016017;Let's Cook;Butternut Spaghetti
Fruits & Vegetables;61900;25353440;Let's Cook;Carrot And Swede
Fruits & Vegetables;74055;25263138;Let's Cook;Carrot Batons
Fruits & Vegetables;65369;25384574;Let's Cook;Carrot Batons
Fruits & Vegetables;74053;25309720;Let's Cook;Casserole Mix
Fruits & Vegetables;72443;25025637;Let's Cook;Cauliflower And Parsley Rice
Fruits & Vegetables;72443;25016031;Let's Cook;Cauliflower Rice
Fruits & Vegetables;72441;25016024;Let's Cook;Courgette Spaghetti
Fruits & Vegetables;74052;25222272;Let's Cook;Diced Swede & Carrot
Fruits & Vegetables;72450;25016208;Let's Cook;Leek And Potato Soup Mix
Fruits & Vegetables;71726;25462654;Let's Cook;Lets Cook Ready Baked Potato
Fruits & Vegetables;72444;25016093;Let's Cook;Mediterranean Roast Vegetable Medley
Fruits & Vegetables;72444;25016093;Let's Cook;Mediterranean Roast Vegetable Medley
Fruits & Vegetables;74487;25422887;Let's Cook;Mushroom Stir Fry
Fruits & Vegetables;74488;25407471;Let's Cook;Oriental Stir Fry
Fruits & Vegetables;74488;25407488;Let's Cook;Pepper Stir Fry
Fruits & Vegetables;46105;25365726;Let's Cook;Potato & Leek Soup Mix
Fruits & Vegetables;71762;25000146;Let's Cook;Sliced Mushrooms
Fruits & Vegetables;59751;25330984;Let's Cook;Sweet Potato Chips
Fruits & Vegetables;72441;25015973;Let's Cook;Sweet Potato Spaghetti
Fruits & Vegetables;61898;25353426;Let's Cook;Vegetable Casserole
Fruits & Vegetables;46105;25230062;Let's Cook;Vegetable Soup Mix
Fruits & Vegetables;72450;25016192;Let's Cook;Vegetable Soup Mix
Fruits & Vegetables;74487;25422894;Let's Cook;Vegetable Stir Fry
Spirits;72805;25024302;Glen Marnoch;28 Year Old Single Malt Whisky
Spirits;63794;25371550;Clarke's;Bourbon Whiskey
Spirits;61842;25344967;Napoleon;Brandy
Spirits;59537;25344974;Everyday Essentials;Brandy
Spirits;8022;25125207;Napoleon;Brandy 36% ABV
Spirits;61844;25345520;Old Hopking;Dark Rum
Spirits;3322;25006704;Old Hopking;Dark Rum 37.5% ABV
Spirits;72997;25026108;Glen Marnoch;Glen Marnoch 12 Year Old Single Malt
Spirits;72807;25024319;Chevalier;Grande Champagne Cognac
Spirits;3319;25157888;Highland Black;Highland Black Whisky 40% ABV
Spirits;3317;25360899;Highland Earl;Highland Earl Whisky
Spirits;3317;25157901;Highland Earl;Highland Earl Whisky 40% ABV
Spirits;68322;25366228;Glen Marnoch;Highland Single Malt Whisky
Spirits;68322;25366211;Glen Marnoch;Islay Single Malt Whisky
Spirits;68439;25317251;Oliver Cromwell;London Dry Gin
Spirits;3325;25342024;Oliver Cromwell;London Dry Gin
Spirits;3325;25006643;Oliver Cromwell;London Dry Gin 37.5% ABV
Spirits;68316;25406238;Old Hopking;Old Hopking Gin
Spirits;72803;25024289;Saint Germont;Premium French Vodka
Spirits;73276;25032475;Topaz Blue;Premium Gin
Spirits;75162;25448238;Glen Marnoch;Rum Finish Single Malt Whisky
Spirits;47390;25360912;Everyday Essentials;Scotch Whisky
Spirits;68322;25366235;Glen Marnoch;Speyside Single Malt Whisky
Spirits;65561;25386394;Old Hopking;Spiced Rum
Spirits;47390;25237665;Everyday Essentials;Value Scotch Whisky
Spirits;8812;25278200;Tamova;Vodka
Spirits;68438;25360875;Tamova;Vodka
Spirits;53557;25278194;Tamova;Vodka 37.5% ABV
Spirits;41466;25190052;Chevalier;VS Cognac
Spirits;3323;25006698;Old Hopking;White Rum
Spirits;61848;25345537;Old Hopking;White Rum
Spirits;57920;25006285;Bellucci;Bellucci Amaretto
Spirits;72800;25024104;Orsini;Coffee Liqueurs - Espresso
Spirits;72106;25006292;Clarke's;Devils Own Hot Cinnamon Liqueur
Spirits;9153;25448115;Oscar's;Peach Schnapps
Spirits;60561;25358759;1599;Sloe Gin
Spirits;62282;25048094;Southern Belle;Southern Belle
Spirits;64717;25382013;Specially Selected;Summer Cocktail Liqueurs - Crème De Cassis
Spirits;65389;25382037;Specially Selected;Summer Cocktail Liqueurs - Triple Sec
Spirits;67700;25407556;Tamova;Tamova Liqueurs - Salted Caramel Vodka Liqueur
Spirits;67240;25407549;Tamova;Tamova Liqueurs Raspberry Vodka Liqueur
Spirits;3339;25448122;Cocobay;White Rum & Coconut
Spirits;70228;25442359;Old Hopking;Oh Gin & Diet Tonic Can
Spirits;70227;25442335;Old Hopking;Oh Gin & Tonic Can
Sparkling Wine;66163;25392630;Veuve Monsigny;2007 Vintage Blanc De Blanc Champagne
Sparkling Wine;73152;25030365;Camoli;Asti Spumante
Sparkling Wine;44646;25376098;Contevedo;Cava
Sparkling Wine;70413;25444520;Contevedo;Cava Brut
Sparkling Wine;52600;25281903;Veuve Monsigny;Champagne Brut
Sparkling Wine;4711;25021424;Cremant Du Jura;Cremant Du Jura
Sparkling Wine;62298;25289329;Veuve Monsigny;Pink Champagne Brut
Wine;53820;25283617;Exquisite Collection;Argentinean Malbec-Exquisite
Wine;71277;25456516;Exquisite Collection;Argentinian Malbec Magnum
Wine;69655;25432831;Exquisite Collection;Bordeaux Chateau Poliane
Wine;63980;25373684;Castellore;Chianti DOCG
Wine;60492;25333176;Exquisite Collection;Cotes Du Rhone Village Plan De Dieu
Wine;56372;25302240;Domaine Du Pere Papite;Domaine Chateauneuf Du Pape
Wine;53757;25283129;Exquisite Collection;Fleurie - Exquisite
Wine;68838;25420678;Lot 15;Gres De Montpellier
Wine;66428;25394825;Lot Series;Lot 19 Old Bushvine Pinotage
Wine;62263;25359336;Exquisite Collection;Ribera Del Duero
Wine;6446;25359442;Cambalala;South African Pinotage
Wine;40728;25184563;Toro Loco;Spanish Tempranillo
Wine;69815;25435696;Cellarmaster's Reserve;Stellenbosch Shiraz Blend
Wine;56437;25302646;Exquisite Collection;Valpolicella Ripasso
Wine;69660;25432954;Bag In Box;Wine Bag In Box- Shiraz
Wine;7709;25304657;Cambalala;Cambalala South African Chenin Blanc
Wine;45880;25304664;Cambalala;Cambalala South African Sauvignon Blanc 2016
Wine;74819;25079012;Castellore;Cococciola
Wine;60149;25334333;French Igp;French Chardonnay
Wine;68988;25422467;Gaguedi;Gaguedi South African Sauvignon Blanc
Wine;53738;25282887;Exquisite Collection;Gavi - Exquisite
Wine;8800;25419184;Castellore;Italian White Wine
Wine;64251;25301809;Exquisite Collection;Limoux Chardonnay
Wine;66845;25399738;"Lot 18, Small Parcel";Lot 18 Baden Weissburgunder
Wine;70688;25448160;Lot 21;Lot 21 Argentinian Chardonnay
Wine;58832;25230970;Grove Manor;Perry Bib
Wine;43281;25109764;Henri De Lorgere;Sancerre Henri De Lorgere
Wine;5897;25255997;Castellore;Soave
Wine;7709;25356755;Cambalala;South African Chenin Blanc
Wine;45880;25356762;Cambalala;South African Sauvignon Blanc
Wine;69820;6004342001927;The Project;The Project Sauvignon Blanc
Wine;45870;25353198;Grove Manor;British Made Rose Wine
Wine;70719;25448399;Grove Manor;Fruit Fusions Summery Berry
Wine;8101;25368802;Castellore;Pinot Grigio Blush
Wine;8101;25419207;Castellore;Pinot Grigio Blush
Wine;43556;25208399;Toro Loco;Toro Loco Spanish Rose
Wine;8877;25353181;Cromwell;British Fortified Wine
Wine;70720;25448405;Grove Manor;Fruit Fusions Tropical
Beer;63780;25244298;Brasserie;Brasserie French Lager  2.8% ABV
Beer;63780;25349993;Brasserie;Brasserie French Lager 2.8% ABV
Beer;66838;25399721;Brasserie;Brasserie Premium French Lager 4.0% ABV
Beer;66838;25459432;Brasserie;Brasserie Premium French Lager 4.0% ABV
Beer;51548;25300291;Brasserie;Brasserie Shandy
Beer;51548;25265804;Brasserie;Brasserie Shandy
Beer;60912;25198720;Galahad;"Galahad Export Crisp & Refreshing PremiumLager"
Beer;58711;25321272;Galahad;Galahad Lager
Beer;58711;25328561;Galahad;Galahad Premium Lager
Beer;60554;25351538;Galahad;Galahad Premium Lager
Beer;67544;25406108;Rheinbacher;German Wheat Beer
Beer;69127;25424966;Everyday Essentials;Golden And Refreshing Lager
Beer;71778;25000313;Hendry's;Hendry's Scottish Lager
Beer;71109;25454406;Rheinbacher;Rheinbacher German Pilsner
Beer;71111;25454413;Rheinbacher;Rheinbacher German Pilsner
Beer;68794;25419733;Sainte Etienne;Sainte Etienne Lager
Beer;62813;25362794;Sainte Etienne;Sainte Etienne Lager
Beer;44145;25198713;Sainte Etienne;Sainte Etienne Premium Lager
Beer;62215;25237559;Sainte Etienne;Sainte Etienne Premium Lager
Beer;53364;25289275;Sainte Etienne;Sainte Etienne Premium Lager
Beer;53364;25328516;Sainte Etienne;Sainte Etienne Premium Lager
Beer;66148;25392531;Taurus;Dark Fruit Cider Can
Beer;63304;25395198;Specially Selected;English Vintage Cider
Beer;45864;25226744;Taurus;Original Cider Can
Beer;45865;25408553;Taurus;Pear Cider Can
Beer;5770;25244328;Taurus;Taurus Dry Cider
Beer;45864;25359343;Taurus;Taurus Dry Cider
Beer;45865;25359350;Taurus;Taurus Pear Cider
Soft Drinks & Juices;62374;25357646;Dark Thunder;Dark Thunder
Soft Drinks & Juices;62374;25357639;Dark Thunder;Dark Thunder: Zero Blast
Soft Drinks & Juices;40038;25080568;Red Thunder;Diet Energy Drink
Soft Drinks & Juices;40745;25187977;Explosade;Isotonic Drink - Orange
Soft Drinks & Juices;40745;25187960;Explosade;Raspberry Sports Drink
Soft Drinks & Juices;40038;25021417;Red Thunder;Red Thunder Regular Stimulation Drink
Soft Drinks & Juices;40745;25262704;Explosade;Sports Lite - Lemon And Lime
Soft Drinks & Juices;40745;25262698;Explosade;Sports Lite - Orange
Soft Drinks & Juices;62231;25193459;Rio D'oro;100% Squeezed Not From Concentrate Juices
Soft Drinks & Juices;62231;25193480;Rio D'oro;100% Squeezed Not From Concentrate Juices
Soft Drinks & Juices;64493;25235456;Sun Quench;Apple & Blackcurrant Sun Blasts
Soft Drinks & Juices;64512;25235456;Sun Quench;Apple & Blackcurrant Sun Blasts
Soft Drinks & Juices;66285;25262643;Rio D'oro;Apple & Raspberry Juice Drink
Soft Drinks & Juices;41890;25193480;Rio D'oro;"Apple 100% Squeezed Not From ConcentrateJuices"
Soft Drinks & Juices;3008;25173857;Rio D'oro;Apple Juice
Soft Drinks & Juices;42417;25280463;Rio D'oro;Apple Juice
Soft Drinks & Juices;57493;25311181;Everyday Essentials;Apple Juice
Soft Drinks & Juices;42417;25397017;Rio D'oro;Apple Juice Packs
Soft Drinks & Juices;64493;25235449;Sun Quench;Apple Sun Blasts
Soft Drinks & Juices;64512;25235449;Sun Quench;Apple Sun Blasts
Soft Drinks & Juices;72567;25023770;Vi-Dr8;Aqueo Triple Berry Vitamin Waters
Soft Drinks & Juices;50904;25263251;Rio D'oro;Blackcurrant Juice Drinks - Light
Soft Drinks & Juices;50904;25263244;Rio D'oro;Blackcurrant Juice Drinks - Regular
Soft Drinks & Juices;9952;25268720;Rio D'oro;Cranberry & Raspberry Juice Drink
Soft Drinks & Juices;66285;25358285;Rio D'oro;Mango Juice
Soft Drinks & Juices;9952;25141221;Rio D'oro;No Added Sugar Cranberry Juice
Soft Drinks & Juices;50904;25416473;Rio D'oro;No Added Sugar Strawberry Juice Drinks
Soft Drinks & Juices;41890;25193459;Rio D'oro;"Orange 100% Squeezed Not From ConcentrateJuices"
Soft Drinks & Juices;3006;25095203;Rio D'oro;Orange Juice
Soft Drinks & Juices;57493;25311198;Everyday Essentials;Orange Juice
Soft Drinks & Juices;3006;25397109;Rio D'oro;Orange Juice From Concentrate
Soft Drinks & Juices;42417;25397000;Rio D'oro;Orange Juice Packs
Soft Drinks & Juices;62231;25387568;Rio D'oro;Orange Smooth
Soft Drinks & Juices;64493;25235432;Sun Quench;Orange Sun Blasts
Soft Drinks & Juices;64512;25235432;Sun Quench;Orange Sun Blasts
Soft Drinks & Juices;66286;25192438;Rio D'oro;Pineapple Juice
Soft Drinks & Juices;66286;25262827;Rio D'oro;Pomegranate Juice Drink
Soft Drinks & Juices;42417;25280494;Rio D'oro;Pure Orange
Soft Drinks & Juices;9952;25141214;Rio D'oro;Regular Cranberry Juice
Soft Drinks & Juices;50904;25335385;Rio D'oro;Strawberry Juice Drinks
Soft Drinks & Juices;64493;25296990;Sun Quench;Summer Fruits Sun Blasts
Soft Drinks & Juices;64512;25296990;Sun Quench;Summer Fruits Sun Blasts
Soft Drinks & Juices;66285;25358230;Rio D'oro;Tomato Juice
Soft Drinks & Juices;66286;25399547;Rio D'oro;Tropical Juice Drink
Soft Drinks & Juices;64493;25235463;Sun Quench;Tropical Sun Blasts
Soft Drinks & Juices;64512;25235463;Sun Quench;Tropical Sun Blasts
Soft Drinks & Juices;43058;25190168;Vive;Cola
Soft Drinks & Juices;43043;25190182;Vive;Cola ZX
Soft Drinks & Juices;67953;25176155;Vive;Diet Cola
Soft Drinks & Juices;43043;25190175;Vive;Diet Cola
Soft Drinks & Juices;50936;25263473;Everyday Essentials;Diet Cola
Soft Drinks & Juices;67953;25411324;Vive;Diet Cola Can
Soft Drinks & Juices;66289;25190205;Vive;Diet Lemonade
Soft Drinks & Juices;45272;25222227;Everyday Essentials;Diet Lemonade
Soft Drinks & Juices;54297;25198232;Vive;Diet Tonic Water
Soft Drinks & Juices;50936;25409109;Everyday Essentials;Everyday Essentials Cola
Soft Drinks & Juices;44829;25175936;Vive;Iron Brew
Soft Drinks & Juices;66289;25190199;Vive;Lemonade
Soft Drinks & Juices;62429;25392494;Vive;Orange Zero
Soft Drinks & Juices;67953;25262230;Vive;Regular Cola
Soft Drinks & Juices;67953;25411317;Vive;Regular Cola
Soft Drinks & Juices;54297;25253733;Vive;Regular Tonic
Soft Drinks & Juices;54297;25198256;Vive;Soda Water
Soft Drinks & Juices;62429;25190298;Vive;Sparkling Orange Zero
Soft Drinks & Juices;44829;25175943;Vive;Sugar Free Iron Brew
Soft Drinks & Juices;62429;25392487;Vive;Tropical Blast
Soft Drinks & Juices;57494;25311228;Sun Quench;Apple & Raspberry Fruity Water
Soft Drinks & Juices;54211;25379679;Aqueo;Apple And Raspberry Flavoured Sparkling Water
Soft Drinks & Juices;43402;25175486;Aqueo;Aqueo Still Spring Water
Soft Drinks & Juices;57494;25311204;Sun Quench;Blackcurrant Fruity Water
Soft Drinks & Juices;54211;25198188;Aqueo;Elderflower Sparkling Flavoured Water
Soft Drinks & Juices;67534;25371277;Sun Quench;Fruity Water Apple And Raspberry
Soft Drinks & Juices;67534;25371291;Sun Quench;Fruity Water Blackcurrant
Soft Drinks & Juices;67534;25371284;Sun Quench;Fruity Water Orange And Pineapple
Soft Drinks & Juices;65266;25220315;Aqueo;Lemon & Lime Flavoured Still Water
Soft Drinks & Juices;54211;25198201;Aqueo;Lemon & Lime Sparkling Flavoured Water
Soft Drinks & Juices;65266;25381436;Aqueo;Lemon And Lime Flavoured Still Water
Soft Drinks & Juices;65415;25385526;Aqueo;Lemon And Lime Flavoured Still Water
Soft Drinks & Juices;57494;25311211;Sun Quench;Orange & Pineapple Fruity Water
Soft Drinks & Juices;65415;25385502;Aqueo;Orange And Peach Flavoured Still Water
Soft Drinks & Juices;65266;25268690;Aqueo;Peach Flavoured Still Water
Soft Drinks & Juices;65266;25381443;Aqueo;Peach Flavoured Still Water
Soft Drinks & Juices;54211;25198195;Aqueo;Peach Sparkling Flavoured Water
Soft Drinks & Juices;41847;25193169;Strathrowan;Scottish Mountain Water - Sparkling
Soft Drinks & Juices;41849;25193206;Strathrowan;Scottish Mountain Water - Sparkling
Soft Drinks & Juices;41848;25193220;Strathrowan;Scottish Mountain Water - Still
Soft Drinks & Juices;67436;25405323;Strathrowan;Scottish Mountain Water Still
Soft Drinks & Juices;72287;25011418;Strathrowan;Scottish Sparkling Water
Soft Drinks & Juices;72286;25011425;Strathrowan;Scottish Still Water
Soft Drinks & Juices;54211;25379716;Aqueo;Sparkling Flavoured Water - Apple & Raspberry
Soft Drinks & Juices;54211;25379709;Aqueo;Sparkling Flavoured Water - Elderflower
Soft Drinks & Juices;54211;25379686;Aqueo;Sparkling Flavoured Water - Lemon & Lime
Soft Drinks & Juices;54211;25379693;Aqueo;Sparkling Flavoured Water - Peach
Soft Drinks & Juices;64526;25263008;Aqueo;Sparkling Spring Water
Soft Drinks & Juices;50937;25263480;Everyday Essentials;Sparkling Water
Soft Drinks & Juices;44203;25221169;Aqueo;Still Spring Water
Soft Drinks & Juices;51514;25265491;Aqueo;Still Spring Water
Soft Drinks & Juices;55768;25298109;Aqueo;Still Spring Water
Soft Drinks & Juices;44203;25377811;Aqueo;Still Spring Water
Soft Drinks & Juices;50937;25329216;Everyday Essentials;Still Water
Soft Drinks & Juices;65705;25193237;Strathrowan;Strathrowan Scottish Still Water
Soft Drinks & Juices;65266;25268706;Aqueo;Strawberry Flavoured Still Water
Soft Drinks & Juices;65266;25381450;Aqueo;Strawberry Flavoured Still Water
Soft Drinks & Juices;65415;25385519;Aqueo;Strawberry Flavoured Still Water
Soft Drinks & Juices;57492;25311167;Everyday Essentials;Double Strength Apple & Blackcurrant Squash
Soft Drinks & Juices;57492;25311174;Everyday Essentials;Double Strength Orange Squash
Soft Drinks & Juices;42501;25333855;Sun Quench;Double Strength Squash Summer Fruits
Soft Drinks & Juices;50868;25262919;Sun Quench;Fruit & Barley Drink Orange
Soft Drinks & Juices;50868;25262926;Sun Quench;Fruit & Barley Drink Peach
Soft Drinks & Juices;50868;25262940;Sun Quench;Fruit & Barley Drink Pear And Apple
Soft Drinks & Juices;50868;25262933;Sun Quench;Fruit & Barley Drink Summer Fruits
Soft Drinks & Juices;66810;25399417;Sun Quench;No Added Sugar Apple High Juice
Soft Drinks & Juices;66810;25224405;Sun Quench;No Added Sugar Blackcurrant High Juice
Soft Drinks & Juices;42501;25198539;Sun Quench;"No Added Sugar Double Strength Squash Apple &Blackcurrant"
Soft Drinks & Juices;42501;25198522;Sun Quench;No Added Sugar Double Strength Squash Orange
Soft Drinks & Juices;66810;25262797;Sun Quench;No Added Sugar Orange High Juice
Soft Drinks & Juices;66810;25399424;Sun Quench;No Added Sugar Summer Fruits High Juice
Soft Drinks & Juices;62418;25358087;Sun Quench;Squirty Squash Apple And Blackcurrant
Soft Drinks & Juices;62418;25358094;Sun Quench;Squirty Squash Lemon And Lime
Soft Drinks & Juices;50868;25392227;Sun Quench;Tropical Fruit & Barley
Soft Drinks & Juices;72776;25023763;Vi-Dr8;Aqueo Dragon Fruit Vitamin Waters
Soft Drinks & Juices;73336;25033694;Rio D'oro;"Peach, Camomile And Green Tea"
Soft Drinks & Juices;72566;25033687;Rio D'oro;"Watermelon, Coconut And White Tea"
Baby Products;61667;25332421;Mamia Organic;Apple & Blackcurrant Organic Spring Water Drink
Baby Products;70491;25445169;Mamia;Apple And Pear Fruit Pots
Baby Products;66561;25397062;Mamia Organic;"Apple, Sweet Potato, Butternut Squash AndBlueberry Baby Food Pouch"
Baby Products;66562;25397086;Mamia Organic;Banana And Apple Baby Breakfast
Baby Products;66317;25394115;Mamia Organic;"Mamia Apples, Carrots And Parsnips"
Baby Products;66317;25394122;Mamia Organic;"Mamia Apples, Carrots And Parsnips"
Baby Products;61660;25350340;Mamia Organic;Mamia Fruit Pots - Apple And Pear
Baby Products;62322;25357226;Mamia Organic;Mamia Just Apples
Baby Products;66560;25397055;Mamia Organic;"Mango, Apple & Banana Baby Food Pouch"
Baby Products;66562;25397093;Mamia Organic;"Mango, Peach And Apple Baby Breakfast"
